{
  "id": "pack_018",
  "bpm": 100.0,
  "duration_sec": 5.0,
  "kick_times": [
    0.0,
    1.2,
    2.4,
    3.6,
    4.8
  ],
  "snare_times": [
    0.6,
    1.7999999999999998,
    3.0,
    4.2
  ],
  "tops_times": [
    0.3,
    0.8999999999999999,
    1.5,
    2.0999999999999996,
    2.6999999999999997,
    3.3,
    3.9,
    4.5
  ],
  "style": "backbeat"
}