{
  "id": "pack_039",
  "bpm": 98.0,
  "duration_sec": 5.0,
  "kick_times": [
    0.0,
    1.2244897959183674,
    2.4489795918367347,
    3.6734693877551026,
    4.89795918367347
  ],
  "snare_times": [
    0.6122448979591837,
    1.836734693877551,
    3.0612244897959187,
    4.2857142857142865
  ],
  "tops_times": [
    0.30612244897959184,
    0.9183673469387755,
    1.5306122448979593,
    2.142857142857143,
    2.7551020408163267,
    3.3673469387755106,
    3.9795918367346945,
    4.591836734693878
  ],
  "style": "backbeat"
}