{
  "id": "pack_010",
  "bpm": 91.0,
  "duration_sec": 5.0,
  "kick_times": [
    0.0,
    1.3186813186813187,
    2.6373626373626373,
    3.9560439560439558
  ],
  "snare_times": [
    0.6593406593406593,
    1.978021978021978,
    2.4725274725274726,
    3.131868131868132,
    3.2967032967032965,
    3.791208791208791,
    4.615384615384615
  ],
  "tops_times": [
    0.32967032967032966,
    0.989010989010989,
    1.6483516483516483,
    2.307692307692308,
    2.967032967032967,
    3.6263736263736264,
    4.285714285714286,
    4.945054945054944
  ],
  "style": "fill"
}