{
  "id": "pack_048",
  "bpm": 103.0,
  "duration_sec": 5.0,
  "kick_times": [
    0.0,
    1.1650485436893203,
    2.3300970873786406,
    3.4951456310679605,
    4.66019417475728
  ],
  "snare_times": [
    0.5825242718446602,
    1.7475728155339805,
    2.9126213592233006,
    4.07766990291262
  ],
  "tops_times": [
    0.2912621359223301,
    0.8737864077669902,
    1.4563106796116503,
    2.0388349514563107,
    2.6213592233009706,
    3.2038834951456305,
    3.7864077669902905,
    4.36893203883495,
    4.95145631067961
  ],
  "style": "backbeat"
}