{
  "id": "pack_035",
  "bpm": 114.0,
  "duration_sec": 5.0,
  "kick_times": [
    0.0,
    2.1052631578947367,
    4.2105263157894735
  ],
  "snare_times": [
    1.0526315789473684,
    3.157894736842105
  ],
  "tops_times": [
    0.2631578947368421,
    0.7894736842105263,
    1.3157894736842104,
    1.8421052631578947,
    2.3684210526315788,
    2.894736842105263,
    3.421052631578947,
    3.947368421052631,
    4.473684210526316
  ],
  "style": "sparse"
}