{
  "id": "pack_034",
  "bpm": 118.0,
  "duration_sec": 5.0,
  "kick_times": [
    0.0,
    1.0169491525423728,
    2.0338983050847457,
    3.0508474576271185,
    4.067796610169491
  ],
  "snare_times": [
    0.5084745762711864,
    1.5254237288135593,
    2.4152542372881354,
    2.542372881355932,
    2.923728813559322,
    3.432203389830508,
    3.559322033898305,
    4.576271186440678
  ],
  "tops_times": [
    0.2542372881355932,
    0.7627118644067796,
    1.271186440677966,
    1.7796610169491525,
    2.288135593220339,
    2.796610169491525,
    3.305084745762712,
    3.813559322033898,
    4.322033898305085,
    4.830508474576272
  ],
  "style": "fill"
}