{
  "id": "pack_015",
  "bpm": 112.0,
  "duration_sec": 5.0,
  "kick_times": [
    0.0,
    1.0714285714285714,
    2.142857142857143,
    3.214285714285714,
    4.285714285714286
  ],
  "snare_times": [
    0.5357142857142857,
    1.6071428571428572,
    2.6785714285714284,
    3.7499999999999996,
    4.821428571428571
  ],
  "tops_times": [
    0.26785714285714285,
    0.8035714285714286,
    1.3392857142857142,
    1.875,
    2.4107142857142856,
    2.946428571428571,
    3.4821428571428568,
    4.017857142857142,
    4.553571428571429
  ],
  "style": "backbeat"
}