{
  "id": "pack_022",
  "bpm": 125.0,
  "duration_sec": 5.0,
  "kick_times": [
    0.0,
    0.96,
    1.92,
    2.88,
    3.84,
    4.800000000000001
  ],
  "snare_times": [
    0.48,
    1.44,
    2.4,
    2.76,
    3.2399999999999998,
    3.36,
    3.7199999999999998,
    4.32
  ],
  "tops_times": [
    0.24,
    0.72,
    1.2,
    1.68,
    2.16,
    2.6399999999999997,
    3.12,
    3.5999999999999996,
    4.08,
    4.5600000000000005
  ],
  "style": "fill"
}