{
  "id": "pack_040",
  "bpm": 94.0,
  "duration_sec": 5.0,
  "kick_times": [
    0.0,
    1.2765957446808511,
    2.5531914893617023,
    3.829787234042553
  ],
  "snare_times": [
    0.6382978723404256,
    1.9148936170212767,
    2.393617021276596,
    3.0319148936170213,
    3.1914893617021276,
    3.670212765957447,
    4.468085106382978
  ],
  "tops_times": [
    0.3191489361702128,
    0.9574468085106383,
    1.5957446808510638,
    2.2340425531914896,
    2.872340425531915,
    3.5106382978723403,
    4.148936170212766,
    4.787234042553191
  ],
  "style": "fill"
}