{
  "id": "pack_025",
  "bpm": 113.0,
  "duration_sec": 5.0,
  "kick_times": [
    0.0,
    1.0619469026548674,
    2.1238938053097347,
    3.185840707964602,
    4.247787610619469
  ],
  "snare_times": [
    0.5309734513274337,
    1.5929203539823011,
    2.52212389380531,
    2.6548672566371683,
    3.0530973451327434,
    3.5840707964601775,
    3.7168141592920354,
    4.115044247787611,
    4.778761061946903
  ],
  "tops_times": [
    0.26548672566371684,
    0.7964601769911506,
    1.3274336283185841,
    1.858407079646018,
    2.3893805309734515,
    2.920353982300885,
    3.4513274336283186,
    3.982300884955752,
    4.513274336283186
  ],
  "style": "fill"
}