{
  "id": "pack_011",
  "bpm": 128.0,
  "duration_sec": 5.0,
  "kick_times": [
    0.0,
    1.875,
    3.75
  ],
  "snare_times": [
    0.9375,
    2.8125,
    4.6875
  ],
  "tops_times": [
    0.234375,
    0.703125,
    1.171875,
    1.640625,
    2.109375,
    2.578125,
    3.046875,
    3.515625,
    3.984375,
    4.453125,
    4.921875
  ],
  "style": "sparse"
}