{
  "id": "pack_020",
  "bpm": 92.0,
  "duration_sec": 5.0,
  "kick_times": [
    0.0,
    2.608695652173913
  ],
  "snare_times": [
    1.3043478260869565,
    3.91304347826087
  ],
  "tops_times": [
    0.32608695652173914,
    0.9782608695652174,
    1.6304347826086958,
    2.282608695652174,
    2.9347826086956523,
    3.586956521739131,
    4.239130434782609,
    4.891304347826088
  ],
  "style": "sparse"
}