{
  "id": "pack_012",
  "bpm": 124.0,
  "duration_sec": 5.0,
  "kick_times": [
    0.0,
    0.967741935483871,
    1.935483870967742,
    2.903225806451613,
    3.870967741935484,
    4.838709677419356
  ],
  "snare_times": [
    0.4838709677419355,
    1.4516129032258065,
    2.4193548387096775,
    3.3870967741935485,
    4.35483870967742
  ],
  "tops_times": [
    0.24193548387096775,
    0.7258064516129032,
    1.2096774193548387,
    1.6935483870967742,
    2.17741935483871,
    2.661290322580645,
    3.145161290322581,
    3.629032258064516,
    4.112903225806452,
    4.596774193548388
  ],
  "style": "backbeat"
}