{
  "id": "pack_027",
  "bpm": 105.0,
  "duration_sec": 5.0,
  "kick_times": [
    0.0,
    1.1428571428571428,
    2.2857142857142856,
    3.428571428571428,
    4.57142857142857
  ],
  "snare_times": [
    0.5714285714285714,
    1.7142857142857142,
    2.8571428571428568,
    3.999999999999999
  ],
  "tops_times": [
    0.2857142857142857,
    0.8571428571428571,
    1.4285714285714284,
    2.0,
    2.571428571428571,
    3.1428571428571423,
    3.7142857142857135,
    4.285714285714285,
    4.857142857142856
  ],
  "style": "backbeat"
}