{
  "id": "pack_049",
  "bpm": 99.0,
  "duration_sec": 5.0,
  "kick_times": [
    0.0,
    1.2121212121212122,
    2.4242424242424243,
    3.6363636363636362,
    4.848484848484849
  ],
  "snare_times": [
    0.6060606060606061,
    1.8181818181818183,
    2.878787878787879,
    3.0303030303030303,
    3.484848484848485,
    4.242424242424242
  ],
  "tops_times": [
    0.30303030303030304,
    0.9090909090909092,
    1.5151515151515151,
    2.1212121212121215,
    2.7272727272727275,
    3.3333333333333335,
    3.9393939393939394,
    4.545454545454545
  ],
  "style": "fill"
}