{
  "id": "pack_019",
  "bpm": 96.0,
  "duration_sec": 5.0,
  "kick_times": [
    0.0,
    1.25,
    2.5,
    3.75
  ],
  "snare_times": [
    0.625,
    1.875,
    2.96875,
    3.125,
    3.59375,
    4.21875,
    4.375,
    4.84375
  ],
  "tops_times": [
    0.3125,
    0.9375,
    1.5625,
    2.1875,
    2.8125,
    3.4375,
    4.0625,
    4.6875
  ],
  "style": "fill"
}