{
  "id": "pack_003",
  "bpm": 119.0,
  "duration_sec": 5.0,
  "kick_times": [
    0.0,
    1.0084033613445378,
    2.0168067226890756,
    3.0252100840336134,
    4.033613445378151
  ],
  "snare_times": [
    0.5042016806722689,
    1.5126050420168067,
    2.5210084033613445,
    3.5294117647058822,
    4.53781512605042
  ],
  "tops_times": [
    0.25210084033613445,
    0.7563025210084033,
    1.2605042016806722,
    1.7647058823529411,
    2.26890756302521,
    2.773109243697479,
    3.277310924369748,
    3.7815126050420167,
    4.285714285714286,
    4.7899159663865545
  ],
  "style": "backbeat"
}