{
  "id": "pack_021",
  "bpm": 129.0,
  "duration_sec": 5.0,
  "kick_times": [
    0.0,
    0.9302325581395349,
    1.8604651162790697,
    2.7906976744186047,
    3.7209302325581395,
    4.651162790697675
  ],
  "snare_times": [
    0.46511627906976744,
    1.3953488372093024,
    2.3255813953488373,
    3.255813953488372,
    4.186046511627907
  ],
  "tops_times": [
    0.23255813953488372,
    0.6976744186046512,
    1.1627906976744187,
    1.627906976744186,
    2.0930232558139537,
    2.558139534883721,
    3.0232558139534884,
    3.488372093023256,
    3.953488372093023,
    4.418604651162791,
    4.883720930232559
  ],
  "style": "backbeat"
}