{
  "id": "pack_044",
  "bpm": 119.0,
  "duration_sec": 5.0,
  "kick_times": [
    0.0,
    2.0168067226890756,
    4.033613445378151
  ],
  "snare_times": [
    1.0084033613445378,
    3.0252100840336134
  ],
  "tops_times": [
    0.25210084033613445,
    0.7563025210084033,
    1.2605042016806722,
    1.7647058823529411,
    2.26890756302521,
    2.773109243697479,
    3.277310924369748,
    3.7815126050420167,
    4.285714285714286,
    4.7899159663865545
  ],
  "style": "sparse"
}