{
  "id": "pack_028",
  "bpm": 101.0,
  "duration_sec": 5.0,
  "kick_times": [
    0.0,
    1.188118811881188,
    2.376237623762376,
    3.5643564356435644,
    4.752475247524752
  ],
  "snare_times": [
    0.594059405940594,
    1.782178217821782,
    2.8217821782178216,
    2.9702970297029703,
    3.4158415841584158,
    4.158415841584159
  ],
  "tops_times": [
    0.297029702970297,
    0.891089108910891,
    1.4851485148514851,
    2.079207920792079,
    2.673267326732673,
    3.267326732673267,
    3.8613861386138613,
    4.455445544554456
  ],
  "style": "fill"
}