{
  "id": "pack_046",
  "bpm": 111.0,
  "duration_sec": 5.0,
  "kick_times": [
    0.0,
    1.0810810810810811,
    2.1621621621621623,
    3.243243243243243,
    4.324324324324324
  ],
  "snare_times": [
    0.5405405405405406,
    1.6216216216216217,
    2.5675675675675675,
    2.7027027027027026,
    3.1081081081081083,
    3.6486486486486487,
    3.7837837837837833,
    4.1891891891891895,
    4.864864864864864
  ],
  "tops_times": [
    0.2702702702702703,
    0.8108108108108109,
    1.3513513513513513,
    1.891891891891892,
    2.4324324324324325,
    2.972972972972973,
    3.513513513513513,
    4.0540540540540535,
    4.594594594594594
  ],
  "style": "fill"
}