{
  "id": "pack_029",
  "bpm": 97.0,
  "duration_sec": 5.0,
  "kick_times": [
    0.0,
    2.4742268041237114,
    4.948453608247423
  ],
  "snare_times": [
    1.2371134020618557,
    3.711340206185567
  ],
  "tops_times": [
    0.30927835051546393,
    0.9278350515463918,
    1.5463917525773196,
    2.1649484536082477,
    2.783505154639175,
    3.4020618556701034,
    4.020618556701031,
    4.639175257731959
  ],
  "style": "sparse"
}