{
  "id": "pack_004",
  "bpm": 115.0,
  "duration_sec": 5.0,
  "kick_times": [
    0.0,
    1.0434782608695652,
    2.0869565217391304,
    3.130434782608696,
    4.173913043478261
  ],
  "snare_times": [
    0.5217391304347826,
    1.5652173913043477,
    2.4782608695652173,
    2.608695652173913,
    3.0,
    3.5217391304347827,
    3.6521739130434785,
    4.695652173913043
  ],
  "tops_times": [
    0.2608695652173913,
    0.7826086956521738,
    1.3043478260869565,
    1.826086956521739,
    2.3478260869565215,
    2.869565217391304,
    3.391304347826087,
    3.9130434782608696,
    4.434782608695652,
    4.956521739130435
  ],
  "style": "fill"
}