{
  "id": "pack_024",
  "bpm": 117.0,
  "duration_sec": 5.0,
  "kick_times": [
    0.0,
    1.0256410256410255,
    2.051282051282051,
    3.0769230769230766,
    4.102564102564102
  ],
  "snare_times": [
    0.5128205128205128,
    1.5384615384615383,
    2.564102564102564,
    3.5897435897435894,
    4.615384615384615
  ],
  "tops_times": [
    0.2564102564102564,
    0.7692307692307692,
    1.282051282051282,
    1.7948717948717947,
    2.3076923076923075,
    2.8205128205128203,
    3.333333333333333,
    3.846153846153846,
    4.358974358974359,
    4.871794871794871
  ],
  "style": "backbeat"
}