{
  "id": "pack_001",
  "bpm": 127.0,
  "duration_sec": 5.0,
  "kick_times": [
    0.0,
    0.9448818897637795,
    1.889763779527559,
    2.8346456692913384,
    3.779527559055118,
    4.724409448818897
  ],
  "snare_times": [
    0.47244094488188976,
    1.4173228346456692,
    2.3622047244094486,
    2.716535433070866,
    3.188976377952756,
    3.3070866141732282,
    3.661417322834646,
    4.251968503937007
  ],
  "tops_times": [
    0.23622047244094488,
    0.7086614173228346,
    1.1811023622047243,
    1.6535433070866141,
    2.1259842519685037,
    2.5984251968503935,
    3.0708661417322833,
    3.543307086614173,
    4.015748031496063,
    4.488188976377952,
    4.960629921259842
  ],
  "style": "fill"
}