{
  "id": "pack_014",
  "bpm": 116.0,
  "duration_sec": 5.0,
  "kick_times": [
    0.0,
    2.0689655172413794,
    4.137931034482759
  ],
  "snare_times": [
    1.0344827586206897,
    3.103448275862069
  ],
  "tops_times": [
    0.25862068965517243,
    0.7758620689655173,
    1.293103448275862,
    1.810344827586207,
    2.327586206896552,
    2.844827586206897,
    3.3620689655172415,
    3.8793103448275863,
    4.3965517241379315,
    4.913793103448277
  ],
  "style": "sparse"
}