{
  "id": "pack_009",
  "bpm": 95.0,
  "duration_sec": 5.0,
  "kick_times": [
    0.0,
    1.263157894736842,
    2.526315789473684,
    3.7894736842105265
  ],
  "snare_times": [
    0.631578947368421,
    1.894736842105263,
    3.1578947368421053,
    4.421052631578948
  ],
  "tops_times": [
    0.3157894736842105,
    0.9473684210526315,
    1.5789473684210527,
    2.2105263157894735,
    2.8421052631578947,
    3.473684210526316,
    4.105263157894737,
    4.736842105263158
  ],
  "style": "backbeat"
}