{
  "id": "pack_008",
  "bpm": 99.0,
  "duration_sec": 5.0,
  "kick_times": [
    0.0,
    2.4242424242424243,
    4.848484848484849
  ],
  "snare_times": [
    1.2121212121212122,
    3.6363636363636362
  ],
  "tops_times": [
    0.30303030303030304,
    0.9090909090909092,
    1.5151515151515151,
    2.1212121212121215,
    2.7272727272727275,
    3.3333333333333335,
    3.9393939393939394,
    4.545454545454545
  ],
  "style": "sparse"
}