{
  "id": "pack_037",
  "bpm": 106.0,
  "duration_sec": 5.0,
  "kick_times": [
    0.0,
    1.1320754716981132,
    2.2641509433962264,
    3.3962264150943393,
    4.528301886792453
  ],
  "snare_times": [
    0.5660377358490566,
    1.6981132075471699,
    2.688679245283019,
    2.830188679245283,
    3.2547169811320753,
    3.820754716981132,
    3.962264150943396,
    4.386792452830188
  ],
  "tops_times": [
    0.2830188679245283,
    0.8490566037735849,
    1.4150943396226414,
    1.9811320754716981,
    2.547169811320755,
    3.1132075471698113,
    3.6792452830188678,
    4.245283018867924,
    4.811320754716981
  ],
  "style": "fill"
}