{
  "id": "pack_016",
  "bpm": 108.0,
  "duration_sec": 5.0,
  "kick_times": [
    0.0,
    1.1111111111111112,
    2.2222222222222223,
    3.333333333333333,
    4.444444444444444
  ],
  "snare_times": [
    0.5555555555555556,
    1.6666666666666667,
    2.638888888888889,
    2.7777777777777777,
    3.1944444444444446,
    3.75,
    3.8888888888888884
  ],
  "tops_times": [
    0.2777777777777778,
    0.8333333333333334,
    1.3888888888888888,
    1.9444444444444446,
    2.5,
    3.0555555555555554,
    3.6111111111111107,
    4.166666666666666,
    4.722222222222221
  ],
  "style": "fill"
}