{
  "id": "pack_032",
  "bpm": 126.0,
  "duration_sec": 5.0,
  "kick_times": [
    0.0,
    1.9047619047619047,
    3.8095238095238098
  ],
  "snare_times": [
    0.9523809523809523,
    2.857142857142857,
    4.761904761904762
  ],
  "tops_times": [
    0.23809523809523808,
    0.7142857142857142,
    1.1904761904761905,
    1.6666666666666665,
    2.142857142857143,
    2.619047619047619,
    3.0952380952380953,
    3.5714285714285716,
    4.0476190476190474,
    4.523809523809524
  ],
  "style": "sparse"
}