{
  "id": "pack_031",
  "bpm": 130.0,
  "duration_sec": 5.0,
  "kick_times": [
    0.0,
    0.9230769230769231,
    1.8461538461538463,
    2.7692307692307696,
    3.692307692307693,
    4.615384615384616
  ],
  "snare_times": [
    0.46153846153846156,
    1.3846153846153846,
    2.307692307692308,
    2.653846153846154,
    3.1153846153846154,
    3.2307692307692313,
    3.576923076923077,
    4.153846153846154
  ],
  "tops_times": [
    0.23076923076923078,
    0.6923076923076923,
    1.153846153846154,
    1.6153846153846154,
    2.076923076923077,
    2.5384615384615388,
    3.0000000000000004,
    3.461538461538462,
    3.923076923076924,
    4.384615384615385,
    4.846153846153847
  ],
  "style": "fill"
}