{
  "id": "pack_036",
  "bpm": 110.0,
  "duration_sec": 5.0,
  "kick_times": [
    0.0,
    1.0909090909090908,
    2.1818181818181817,
    3.2727272727272725,
    4.363636363636363
  ],
  "snare_times": [
    0.5454545454545454,
    1.6363636363636362,
    2.727272727272727,
    3.818181818181818,
    4.909090909090908
  ],
  "tops_times": [
    0.2727272727272727,
    0.8181818181818181,
    1.3636363636363635,
    1.909090909090909,
    2.454545454545454,
    3.0,
    3.545454545454545,
    4.090909090909091,
    4.636363636363636
  ],
  "style": "backbeat"
}