{
  "id": "pack_017",
  "bpm": 104.0,
  "duration_sec": 5.0,
  "kick_times": [
    0.0,
    2.3076923076923075,
    4.615384615384614
  ],
  "snare_times": [
    1.1538461538461537,
    3.461538461538461
  ],
  "tops_times": [
    0.28846153846153844,
    0.8653846153846153,
    1.442307692307692,
    2.019230769230769,
    2.596153846153846,
    3.1730769230769225,
    3.749999999999999,
    4.326923076923076,
    4.903846153846152
  ],
  "style": "sparse"
}