{
  "id": "pack_043",
  "bpm": 123.0,
  "duration_sec": 5.0,
  "kick_times": [
    0.0,
    0.975609756097561,
    1.951219512195122,
    2.926829268292683,
    3.902439024390244,
    4.878048780487806
  ],
  "snare_times": [
    0.4878048780487805,
    1.4634146341463414,
    2.4390243902439024,
    2.8048780487804876,
    3.292682926829268,
    3.4146341463414633,
    4.390243902439025
  ],
  "tops_times": [
    0.24390243902439024,
    0.7317073170731707,
    1.2195121951219512,
    1.7073170731707317,
    2.1951219512195124,
    2.6829268292682924,
    3.1707317073170733,
    3.6585365853658534,
    4.146341463414634,
    4.634146341463415
  ],
  "style": "fill"
}