{
  "id": "pack_047",
  "bpm": 107.0,
  "duration_sec": 5.0,
  "kick_times": [
    0.0,
    2.2429906542056073,
    4.485981308411215
  ],
  "snare_times": [
    1.1214953271028036,
    3.364485981308411
  ],
  "tops_times": [
    0.2803738317757009,
    0.8411214953271027,
    1.4018691588785046,
    1.9626168224299063,
    2.523364485981308,
    3.08411214953271,
    3.644859813084112,
    4.205607476635514,
    4.766355140186915
  ],
  "style": "sparse"
}