{
  "id": "pack_030",
  "bpm": 93.0,
  "duration_sec": 5.0,
  "kick_times": [
    0.0,
    1.2903225806451613,
    2.5806451612903225,
    3.8709677419354835
  ],
  "snare_times": [
    0.6451612903225806,
    1.935483870967742,
    3.225806451612903,
    4.516129032258064
  ],
  "tops_times": [
    0.3225806451612903,
    0.967741935483871,
    1.6129032258064515,
    2.2580645161290325,
    2.903225806451613,
    3.5483870967741935,
    4.193548387096774,
    4.838709677419354
  ],
  "style": "backbeat"
}