{
  "id": "pack_033",
  "bpm": 122.0,
  "duration_sec": 5.0,
  "kick_times": [
    0.0,
    0.9836065573770492,
    1.9672131147540983,
    2.9508196721311477,
    3.934426229508197,
    4.918032786885246
  ],
  "snare_times": [
    0.4918032786885246,
    1.4754098360655736,
    2.459016393442623,
    3.4426229508196724,
    4.426229508196721
  ],
  "tops_times": [
    0.2459016393442623,
    0.7377049180327868,
    1.2295081967213115,
    1.721311475409836,
    2.2131147540983607,
    2.7049180327868854,
    3.19672131147541,
    3.6885245901639347,
    4.180327868852459,
    4.672131147540983
  ],
  "style": "backbeat"
}