{
  "id": "pack_038",
  "bpm": 102.0,
  "duration_sec": 5.0,
  "kick_times": [
    0.0,
    2.3529411764705883,
    4.705882352941177
  ],
  "snare_times": [
    1.1764705882352942,
    3.5294117647058827
  ],
  "tops_times": [
    0.29411764705882354,
    0.8823529411764706,
    1.4705882352941178,
    2.0588235294117645,
    2.6470588235294117,
    3.235294117647059,
    3.823529411764706,
    4.411764705882353
  ],
  "style": "sparse"
}