{
  "id": "pack_041",
  "bpm": 90.0,
  "duration_sec": 5.0,
  "kick_times": [
    0.0,
    2.6666666666666665
  ],
  "snare_times": [
    1.3333333333333333,
    3.9999999999999996
  ],
  "tops_times": [
    0.3333333333333333,
    1.0,
    1.6666666666666665,
    2.3333333333333335,
    3.0,
    3.6666666666666665,
    4.333333333333333
  ],
  "style": "sparse"
}