{
  "id": "pack_002",
  "bpm": 123.0,
  "duration_sec": 5.0,
  "kick_times": [
    0.0,
    1.951219512195122,
    3.902439024390244
  ],
  "snare_times": [
    0.975609756097561,
    2.926829268292683,
    4.878048780487806
  ],
  "tops_times": [
    0.24390243902439024,
    0.7317073170731707,
    1.2195121951219512,
    1.7073170731707317,
    2.1951219512195124,
    2.6829268292682924,
    3.1707317073170733,
    3.6585365853658534,
    4.146341463414634,
    4.634146341463415
  ],
  "style": "sparse"
}