{
  "id": "pack_005",
  "bpm": 111.0,
  "duration_sec": 5.0,
  "kick_times": [
    0.0,
    2.1621621621621623,
    4.324324324324324
  ],
  "snare_times": [
    1.0810810810810811,
    3.243243243243243
  ],
  "tops_times": [
    0.2702702702702703,
    0.8108108108108109,
    1.3513513513513513,
    1.891891891891892,
    2.4324324324324325,
    2.972972972972973,
    3.513513513513513,
    4.0540540540540535,
    4.594594594594594
  ],
  "style": "sparse"
}