{
  "id": "pack_023",
  "bpm": 121.0,
  "duration_sec": 5.0,
  "kick_times": [
    0.0,
    1.9834710743801653,
    3.966942148760331
  ],
  "snare_times": [
    0.9917355371900827,
    2.9752066115702482,
    4.958677685950414
  ],
  "tops_times": [
    0.24793388429752067,
    0.743801652892562,
    1.2396694214876034,
    1.7355371900826446,
    2.231404958677686,
    2.7272727272727275,
    3.223140495867769,
    3.7190082644628104,
    4.214876033057852,
    4.710743801652892
  ],
  "style": "sparse"
}