{
  "id": "pack_026",
  "bpm": 109.0,
  "duration_sec": 5.0,
  "kick_times": [
    0.0,
    2.2018348623853212,
    4.403669724770643
  ],
  "snare_times": [
    1.1009174311926606,
    3.3027522935779823
  ],
  "tops_times": [
    0.27522935779816515,
    0.8256880733944955,
    1.3761467889908259,
    1.926605504587156,
    2.4770642201834865,
    3.027522935779817,
    3.5779816513761475,
    4.128440366972478,
    4.678899082568808
  ],
  "style": "sparse"
}